{
  "best_val_acc": 0.03333333333333333,
  "test_acc": 0.03333333333333333,
  "test_loss": 4.3088347752889
}