{
  "best_val_acc": 0.029166666666666667,
  "test_acc": 0.029166666666666667,
  "test_loss": 4.380514176686605
}