{
  "best_val_acc": 0.24583333333333332,
  "test_acc": 0.24583333333333332,
  "test_loss": 3.5486233393351236
}