{
  "best_val_acc": 0.5083333333333333,
  "test_acc": 0.5083333333333333,
  "test_loss": 2.844698015848796
}