{
  "best_val_acc": 0.5416666666666666,
  "test_acc": 0.5416666666666666,
  "test_loss": 2.904194211959839
}