{
  "best_val_acc": 0.5333333333333333,
  "test_acc": 0.5333333333333333,
  "test_loss": 2.6114164034525555
}